iter	MultiClass
0	0.6945273424
1	0.6942828925
